variant,n_seeds,mean,std,median,min,max
cleanrl_sb3mode_torch,10,151.3695,20.1990,146.8036,119.0269,194.0530
cleanrl_torch,10,108.0644,46.6773,113.9524,-0.5027,160.0110
jax_abl_fullmse,5,95.0655,25.1381,95.7777,61.9659,132.3729
jax_abl_noanneal,5,115.4920,25.9292,108.5152,95.8272,160.3675
jax_abl_novclip,5,136.9966,24.4394,143.5924,103.1650,162.3984
jax_abl_tboot,5,86.3353,17.0735,81.4291,70.4796,112.7577
jax_cleanrl,10,92.5603,44.8148,91.6190,-1.7911,178.7014
jax_sb3,10,142.7256,29.0088,141.1516,91.9518,188.6890
sb3_torch,10,135.5503,72.4098,140.9356,8.8344,236.1445
