step,mean_reward,episodes_total,policy_loss,value_loss,entropy,fps,elapsed_s
2048,-164.65484886550257,22,-0.005001403216738254,1415.0989561080933,1.3838651813566685,3113,0.66
4096,-143.54020432515566,45,-0.0010027840580733027,1245.9925179481506,1.3722931267693639,2946,1.39
6144,-160.16192913193998,66,-0.0048308106561307795,1194.6432874202728,1.3494341801851988,2916,2.11
8192,-263.997269590755,86,-0.004156629172939574,2517.8927297592163,1.3632540991529822,2833,2.89
10240,-226.28403694645755,107,-0.005983402894344181,2017.8202571868896,1.3510337881743908,2845,3.6
12288,-309.3179273334644,126,-0.0017300912222708575,2045.3380403518677,1.3606136934831738,2911,4.22
14336,-229.4266705862612,145,-0.00016325412798323669,1268.0627431869507,1.3745881104841828,2935,4.88
16384,-207.14335595598035,168,-0.0005723385656892788,1420.852375984192,1.3833438092842698,2979,5.5
18432,-214.3538426384357,191,-0.005164271504327189,1524.7946844100952,1.381096881814301,2971,6.2
20480,-191.20050627844645,212,-0.004883184923528461,1417.004963874817,1.3608989138156176,2982,6.87
22528,-235.1399756692428,229,-0.002879211046092678,1592.3945260047913,1.3731257198378444,2976,7.57
24576,-269.32058783479476,250,-0.0009901671874104068,2019.1874446868896,1.3788002450019121,3002,8.19
26624,-220.60543052086763,272,-0.0025087357316806447,1342.0659670829773,1.3829532591626048,2989,8.9
28672,-163.69253837473676,295,-0.0005775309709861176,651.0404937267303,1.3809382803738117,3005,9.54
30720,-234.59914502796454,316,-0.005694384149592224,1539.0280389785767,1.3816914949566126,3000,10.24
32768,-113.01871951694147,338,0.0008691344955877867,426.4352481365204,1.3761829249560833,3012,10.88
34816,-227.15563002262252,361,-0.001804817879019538,1070.3350977897644,1.3821894628927112,3008,11.57
36864,-220.3859568670852,383,-0.001173435175587656,1268.3453159332275,1.3779311329126358,3026,12.18
38912,-212.34595801588398,406,-0.00069957693995093,1383.023921251297,1.3785412702709436,3024,12.87
40960,-203.15935409962646,429,-0.0057946109809563495,838.6872220039368,1.3849037885665894,3010,13.6
43008,-219.7519900834762,450,-0.0007961987575981766,1018.8266162872314,1.382430142723024,3009,14.29
45056,-211.3041913695682,469,-0.0016670734585204627,740.2605760097504,1.3716152673587203,3021,14.91
47104,-235.60314501547106,488,-0.004682397129727178,1326.4746565818787,1.3531550550833344,3036,15.51
49152,-285.4631900289736,509,-0.0034407480015943293,1927.9579095840454,1.3615075126290321,3021,16.27
51200,-253.78500462119047,530,-0.001334631389909191,1367.1351385116577,1.3712636390700936,3028,16.91
53248,-179.87746092578058,551,-0.005529760350327706,567.686651468277,1.3562333835288882,3019,17.64
55296,-202.84239235193945,570,0.000735633813746972,736.4061324596405,1.3357084300369024,3013,18.35
57344,-197.00592340614978,588,-0.0034592243864608463,518.328094959259,1.335658896714449,3006,19.07
59392,-313.0408075210931,607,-0.002141793018381577,1395.9171199798584,1.3529204344376922,2998,19.81
61440,-288.09143047922635,628,-0.0004280275279597845,1347.0756812095642,1.3624807577580214,2994,20.52
63488,-226.52543595120073,650,-0.006109334408392897,997.3377792835236,1.37267991527915,2980,21.3
65536,-231.48645469608633,671,-0.0015045803011162207,800.8110461235046,1.3753685522824526,2966,22.09
67584,-179.29701124019823,690,-0.0016691242999513634,587.2994222640991,1.359167905524373,2966,22.79
69632,-158.9979603361232,711,-0.001010440548270708,763.972907781601,1.3386187320575118,2972,23.42
71680,-210.663671677703,729,-0.0003040499323105905,473.17372846603394,1.33105528075248,2980,24.05
73728,-250.56201307906636,748,-0.0001326701312791556,707.842592716217,1.343646696768701,2989,24.66
75776,-278.95757352005205,767,-0.0019564781396184117,830.5001945495605,1.3546323981136084,2990,25.34
77824,-222.85584938927724,788,-0.0003902651606040308,1067.6493835449219,1.3640892831608653,3000,25.93
79872,-176.2825387428834,809,-0.0018490933816792676,492.25385999679565,1.3687675604596734,2986,26.75
81920,-217.9095677837115,831,0.0010768070569611154,596.715325832367,1.3335871789604425,2985,27.44
83968,-215.67379686574594,842,-0.0029637000625371,692.3521461486816,1.350724550895393,2991,28.07
86016,-267.47205109541903,862,-0.0029009425179538084,650.6626870632172,1.36730938218534,2996,28.7
88064,-230.33600204633632,882,-0.004608542814821703,545.7857224941254,1.379272822290659,3002,29.33
90112,-199.11090818167617,903,-0.004376000626507448,566.2631464004517,1.3600229742005467,3000,30.03
92160,-195.8819408906328,922,0.002414038528513629,585.4988684654236,1.3513830695301294,2995,30.77
94208,-214.45326908349665,941,-0.0038565432478208095,723.3549036979675,1.371483663097024,2996,31.44
96256,-202.4673075279746,955,-0.0018298114082426764,550.5387494564056,1.3824411667883396,2998,32.1
98304,-185.2684687925937,973,-0.00043080928662675433,690.5712056159973,1.3839266235008836,3001,32.75
100352,-145.13049729626616,996,-0.0010925029819190968,666.5072325468063,1.3833782896399498,2998,33.47
102400,-116.41885965063878,1019,-0.0014575989916920662,329.5190395116806,1.3822855642065406,2995,34.19
104448,-148.01925381763118,1041,-0.0009261051818612032,418.03676211833954,1.3769001075997949,2993,34.89
106496,-272.90179691484593,1063,-0.0012856897556048352,847.3259043693542,1.376086376607418,2998,35.52
108544,-181.50245728783787,1085,-0.0011210056545678526,480.77229857444763,1.3746759686619043,3000,36.17
110592,-225.4350158661281,1102,7.612267290824093e-05,423.60375475883484,1.3670432129874825,3006,36.78
112640,-213.72007377059867,1122,-0.0030493126214423683,278.01269030570984,1.3794536050409079,3004,37.49
114688,-225.89378245327748,1143,-0.00022798393547418527,1162.9196124076843,1.3704620050266385,3009,38.11
116736,-215.13657982727463,1165,-0.004098664583580103,696.4137644767761,1.3795068264007568,3009,38.79
118784,-190.07536645278051,1186,-0.0016327943267242517,475.9487671852112,1.3750288616865873,3008,39.49
120832,-181.9646760141119,1208,1.7622020095586777e-05,733.5463597774506,1.368868637830019,3006,40.19
122880,-212.38763969061773,1229,-0.00033592747058719397,659.0480210781097,1.373747550882399,3007,40.85
124928,-179.69492793037875,1249,-3.443844798312057e-05,574.9148448705673,1.3796581700444221,3010,41.5
126976,-191.27054493293198,1272,-0.0019659324316307902,382.7071650028229,1.3827442256733775,3007,42.22
129024,-214.847468955618,1294,-0.0016985908296192065,280.26693189144135,1.382038607262075,3013,42.81
131072,-190.70083431937132,1316,0.0001499078789493069,494.8583273887634,1.378154993057251,3007,43.58
133120,-180.43894659793924,1338,-0.0027672357864503283,415.19164299964905,1.381584388203919,3002,44.33
135168,-162.47407270399407,1362,-0.0002959092853416223,403.1637736558914,1.380191182717681,2995,45.12
137216,-196.4606484210317,1384,-0.001469866339903092,723.1808375120163,1.382359185256064,2990,45.89
139264,-169.92022898304484,1406,-0.00023115060866985004,505.1423649787903,1.3840062376111746,2987,46.61
141312,-148.55100632253178,1428,-0.001298464172577951,123.45877933502197,1.3797652060166001,2979,47.43
143360,-203.89886725446186,1448,-0.0048298842484655324,527.3079068660736,1.3781359260901809,2977,48.15
145408,-178.15951657716747,1470,-0.001023228105623275,379.4836622476578,1.3744343668222427,2972,48.92
147456,-178.16673496811515,1491,9.437213702767622e-05,639.3816306591034,1.3667839420959353,2975,49.56
149504,-240.00934483564475,1510,-0.0032204511644522427,504.5155863761902,1.3697853730991483,2960,50.5
151552,-229.92059758810137,1530,-0.001285694221223821,501.9947669506073,1.3750872630625963,2958,51.23
153600,-244.40677917588482,1549,-0.0033685606285871472,718.5655741691589,1.3775826301425695,2960,51.89
155648,-180.33865457620743,1572,-0.006670739927358227,314.15236508846283,1.3538071336224675,2943,52.87
157696,-208.88947358508966,1588,-0.002650243473908631,306.88223934173584,1.359486060217023,2937,53.68
159744,-194.0108498725311,1607,-0.0037235261443129275,476.3416631221771,1.3702914947643876,2918,54.73
161792,-187.43045966200856,1627,-0.0062215786092565395,368.56909811496735,1.361479970626533,2907,55.65
163840,-218.9200677269668,1646,-0.008157499039953109,291.21432757377625,1.3689093822613358,2905,56.39
165888,-195.20909651184994,1664,-0.0017893123931571608,493.8098785877228,1.364487536251545,2905,57.09
167936,-173.74986787569463,1684,-0.0031745424785185605,316.30258321762085,1.3700671419501305,2889,58.12
169984,-147.5101498321,1704,0.00039891239430289716,266.85926735401154,1.3540105046704412,2885,58.9
172032,-167.5139638548811,1724,-0.006465110622229986,253.02836918830872,1.3389954986050725,2885,59.61
174080,-186.95567393853574,1742,-0.0005064237047918141,355.2283446788788,1.3184163942933083,2864,60.77
176128,-166.91700838847242,1761,-0.006587502619368024,262.06829196214676,1.3059457978233695,2861,61.56
178176,-159.13174729894567,1778,0.003428831936616916,444.1635160446167,1.2833165507763624,2854,62.42
180224,-187.06768521443482,1796,-0.0044650068957707845,418.3264993429184,1.290739961899817,2842,63.4
182272,-156.66725684067006,1813,0.00197617847516085,205.04695814847946,1.2821177579462528,2825,64.51
184320,-137.1975695593095,1829,-0.00462621301994659,322.1514186859131,1.2353467913344502,2818,65.39
186368,-206.53276398198358,1847,-0.0025676788100099657,438.1291561126709,1.2576071545481682,2815,66.19
188416,-180.14917580159835,1861,0.0005500583956745686,366.9260084629059,1.2000909084454179,2800,67.27
190464,-141.00191879888635,1869,0.003434945858316496,252.220545232296,1.2696031527593732,2798,68.07
192512,-187.46163171986996,1887,-0.007183431589510292,301.09613263607025,1.2744937250390649,2797,68.81
194560,-162.6786955984698,1904,-0.002010636955674272,346.3407483100891,1.23315966501832,2785,69.85
196608,-222.02415878319925,1921,-0.003273942245868966,337.5545598268509,1.2231749249622226,2783,70.63
198656,-206.66736668758853,1937,-0.005361946408811491,463.2917687892914,1.2148006036877632,2778,71.5
200704,-160.27268489150708,1953,-0.0032012487135943957,315.1841697692871,1.2055135872215033,2772,72.39
202752,-166.22389604639247,1967,-0.008051696720940527,285.924795627594,1.205425526946783,2766,73.29
204800,-184.93355963580711,1982,-0.010939165396848693,246.13583052158356,1.1839671107009053,2757,74.28
206848,-192.22342583454522,1993,0.007662225700187264,211.44291931390762,1.195225385017693,2744,75.37
208896,-191.76948454622377,2010,-0.003928470250684768,306.53136879205704,1.2326360642910004,2744,76.1
210944,-152.56283658297326,2026,-0.008632769557152642,383.730500459671,1.2146059107035398,2747,76.77
212992,-188.3182179137862,2042,-0.007963580301293405,259.4167938232422,1.2311723828315735,2739,77.75
215040,-151.86668018347703,2058,-0.0066808233204938006,285.7999674677849,1.2209946913644671,2739,78.5
217088,-145.1339495297231,2074,-0.013204517716076225,139.30807280540466,1.2213415475562215,2742,79.17
219136,-134.0776872563153,2085,0.005045100519055268,169.39664620161057,1.2185453968122602,2731,80.23
221184,-134.53194471293344,2099,-0.0076095754993730225,209.45612215995789,1.2448392808437347,2731,80.98
223232,-163.68603384953923,2114,-0.00878006529455888,198.63440018892288,1.2303123166784644,2731,81.73
225280,-138.42602165342916,2127,-0.004535566517006373,147.62975800037384,1.1623183442279696,2722,82.74
227328,-173.4168468946878,2137,-0.003940290360333165,293.17936658859253,1.179724596440792,2718,83.63
229376,-199.99788874721017,2147,-0.0062789618168608285,226.2697542309761,1.1982146808877587,2716,84.43
231424,-165.59932328178598,2158,0.0014591414437745698,168.09544223546982,1.17694868799299,2705,85.53
233472,-153.59684458463366,2163,0.00021119938537594862,166.97361236810684,1.1580247785896063,2700,86.45
235520,-166.27214351071692,2176,-0.002941611719506909,328.84657698869705,1.2377124559134245,2699,87.25
237568,-147.52374846291994,2189,-0.003874377827742137,315.4013383984566,1.2739126272499561,2689,88.32
239616,-153.34455368823166,2205,-0.007795777331921272,310.98634219169617,1.2171176047995687,2690,89.05
241664,-123.24852612278676,2219,-0.007700096270127688,223.36621421575546,1.2134697828441858,2690,89.83
243712,-130.29234546512498,2229,0.0009920603370119352,207.29996007680893,1.2097203712910414,2680,90.92
245760,-143.6699595422211,2244,-0.007595405226311414,278.40736442804337,1.225266213528812,2679,91.72
247808,-134.25833184886974,2260,-0.00334778363321675,183.67041701078415,1.2342442646622658,2679,92.48
249856,-162.37017731561818,2273,-0.012498786145442864,177.03386104106903,1.2030543368309736,2681,93.17
251904,-156.19800871772242,2287,-0.0066264778179174755,178.61830455064774,1.2445288747549057,2680,93.98
253952,-170.75421919857206,2301,-0.007646920228580711,357.07261192798615,1.2315382761880755,2676,94.87
256000,-148.0224270060514,2314,-0.0020111078993068077,121.05565220117569,1.1746720504015684,2680,95.5
258048,-138.68698149017666,2328,-0.001139939296990633,247.75656378269196,1.1933057382702827,2676,96.39
260096,-145.68493128073158,2342,-0.008093292155535892,221.2902484536171,1.1814740365371108,2667,97.5
262144,-146.28628929813775,2354,-0.009144992791334516,134.0275775194168,1.1557968240231276,2668,98.24
264192,-166.9393089095786,2366,-0.014496526251605246,188.23871153593063,1.1522241039201617,2668,99.02
266240,-198.98594501773232,2371,-0.006759582729500835,111.26448857784271,1.1819541957229376,2666,99.85
268288,-188.77925278608697,2383,-0.002070514383376576,219.625570833683,1.187586672604084,2667,100.59
270336,-149.51352608222663,2395,-0.0066370012136758305,205.8169339299202,1.1677832258865237,2670,101.23
272384,-141.953098702894,2406,-0.0017974389484152198,167.84523904323578,1.182134703733027,2661,102.32
274432,-111.6854397667857,2418,0.00197696980467299,202.5424744784832,1.1337224524468184,2655,103.34
276480,-164.5948480738146,2433,-0.011402559888665564,300.73497891426086,1.1352085564285517,2656,104.08
278528,-152.6956767871033,2443,-0.00392382568497851,267.8263809680939,1.114912362769246,2655,104.87
280576,-192.80641195130744,2456,-0.003049000613827957,498.89284563064575,1.1492053186520934,2659,105.52
282624,-247.27133873723784,2467,-0.01694856489484664,159.69435095787048,1.1687646685168147,2661,106.21
284672,-169.74468545844036,2480,-0.0030721819093741942,121.44299697875977,1.1747119119390845,2654,107.25
286720,-135.34543267904454,2494,-0.009562141101923771,133.43414759635925,1.161688026972115,2655,107.98
288768,-135.81803762369844,2505,-0.00030511563454638235,89.29010209441185,1.1433302527293563,2654,108.77
290816,-154.3979882191986,2518,-0.013670566946530016,145.62498873472214,1.1744601288810372,2651,109.66
292864,-181.12403824911664,2529,-0.010453375347424299,196.94833773374557,1.1718620778992772,2654,110.33
294912,-208.0359681082883,2540,-0.011005214411852648,102.71387070417404,1.2234241906553507,2649,111.31
296960,-193.96507076147142,2553,-0.005361015013477299,391.21083766222,1.2355027385056019,2643,112.34
299008,-222.45196361374013,2568,-0.007935838020785013,344.3131296634674,1.2539663976058364,2643,113.09
301056,-207.0244590254118,2581,-0.00816555498749949,271.37668138742447,1.2403685618191957,2642,113.92
303104,-219.48482952307705,2593,-0.009197712806781055,253.31168413162231,1.284558960236609,2635,115.02
305152,-205.47439365927167,2609,-0.0022600980701099616,258.8686094880104,1.2828389331698418,2636,115.73
307200,-147.53880131803842,2623,-0.0021648071669915225,215.02407377958298,1.296375010162592,2639,116.4
309248,-156.4337478958342,2639,-0.0019339549071446527,312.5257337093353,1.330257716588676,2635,117.33
311296,-141.1303420175944,2655,0.0005012837445974583,331.56600004434586,1.2806845558807254,2633,118.21
313344,-146.66112082545257,2674,-0.008062401782808593,229.2995988726616,1.3033375451341271,2631,119.09
315392,-141.4607975954305,2689,-0.001349007408862235,531.2603040933609,1.2669782247394323,2623,120.2
317440,-209.30223354836653,2707,-0.0015424158227688167,545.7348301410675,1.2934014406055212,2624,120.93
319488,-194.40660154198534,2723,-0.004514884712989442,312.16433334350586,1.290045046247542,2626,121.66
321536,-182.70637306867292,2741,0.001404841063049389,300.9279091358185,1.3021599985659122,2622,122.61
323584,-197.64430452536627,2760,-0.00046690190720255487,559.4910864830017,1.293618026189506,2623,123.35
325632,-258.40915736072645,2776,-0.003929117388906889,564.7636121511459,1.3124437220394611,2626,123.98
327680,-198.0772746849569,2793,-0.009562305815052241,252.21446895599365,1.315601204521954,2623,124.9
329728,-133.9166328784109,2813,0.006963382867979817,289.3388654589653,1.2990235202014446,2623,125.68
331776,-197.44661318579682,2831,0.003873466182994889,880.1197242736816,1.3002928588539362,2624,126.39
333824,-175.4848382129219,2852,-0.005998402299155714,882.312816619873,1.3022370813414454,2624,127.2
335872,-202.09427749905956,2871,0.0013618659286294132,421.063139796257,1.2926802337169647,2624,128.0
337920,-161.049857592495,2893,0.00043959820504824165,290.42143177986145,1.3064366169273853,2625,128.69
339968,-181.1436164782987,2912,-0.0014836319860478397,527.8723641633987,1.314843068830669,2620,129.73
342016,-137.4255209345061,2930,-0.004153208305069711,523.7617563009262,1.2931035729125142,2620,130.49
344064,-158.84217306942168,2948,-0.002913479089329485,232.75357073545456,1.304215275682509,2623,131.14
346112,-124.71656963202665,2968,-0.010724609608587343,200.72040808200836,1.2707173367962241,2621,132.02
348160,-122.50851242782669,2988,0.0012055936240358278,285.5220345258713,1.3181921653449535,2620,132.84
350208,-122.81586917663228,3008,-0.007848386503610527,324.7667198777199,1.3162095621228218,2620,133.62
352256,-126.9703926826484,3025,-0.0009675913242972456,580.6886925697327,1.3300227522850037,2617,134.56
354304,-114.50928535351784,3044,-0.004510547074460192,329.7118990421295,1.3179438281804323,2618,135.33
356352,-117.46958628726527,3065,-0.00631507096477435,337.6054929494858,1.3121767593547702,2620,135.98
358400,-162.03274244230835,3084,-0.0012670180840359535,415.7600327730179,1.3051734315231442,2616,136.97
360448,-155.54012260102334,3102,-0.0009415072836418403,290.4985818862915,1.2874537976458669,2616,137.77
362496,-163.07078350819984,3119,0.004737037193990545,425.1139669418335,1.2737893406301737,2617,138.47
364544,-150.8877789965441,3135,0.004024484553156071,599.6388832330704,1.2718433775007725,2617,139.28
366592,-184.19814468593248,3149,-0.001966563366295304,302.8849387168884,1.273603480309248,2618,140.0
368640,-177.57178796200438,3168,0.006389489160937956,427.09412693977356,1.2913514086976647,2617,140.86
370688,-201.10945676062062,3184,-0.0022386324708350003,512.4962205886841,1.2943963380530477,2618,141.59
372736,-195.51175417451722,3201,0.003191103027347708,271.37886929512024,1.2867518402636051,2619,142.27
374784,-165.6811553751169,3217,0.0002726316342887003,285.13932406902313,1.302903812378645,2617,143.18
376832,-182.88025912565314,3232,0.00013621872130897827,379.05308651924133,1.3004197431728244,2619,143.84
378880,-182.29369123573892,3247,-0.001554364103867556,357.6750203371048,1.293582746759057,2620,144.6
380928,-142.98252455438325,3263,-0.0037658679102605674,215.38204509019852,1.2984160212799907,2620,145.35
382976,-173.60671439660513,3279,-0.0031274373777705478,413.44180208444595,1.3052262980490923,2622,146.03
385024,-182.26227785778082,3295,-0.0053109581203898415,273.3464399576187,1.2709688125178218,2624,146.68
387072,-184.09911212979088,3311,-0.003223703693947755,372.2981491088867,1.2703289967030287,2614,148.06
389120,-211.4429277357477,3328,0.005410446694440907,333.72169291973114,1.27578105032444,2616,148.7
391168,-189.88161884515074,3342,-0.003955997060984373,321.49160528182983,1.2550273006781936,2619,149.33
393216,-167.04485575247617,3358,-0.005522360792383552,353.26148414611816,1.2799482801929116,2617,150.22
395264,-192.01795162795128,3374,-0.006455901169829303,392.6842794418335,1.2557263765484095,2617,150.98
397312,-206.10982787891902,3385,-0.006536021781357704,166.47069263458252,1.299432473257184,2619,151.65
399360,-162.97252824050722,3397,0.00026583300859783776,176.86596816778183,1.2690036622807384,2615,152.69
401408,-134.32316594558202,3413,-0.0013527063056244515,178.53366494178772,1.3007087726145983,2616,153.44
403456,-138.6576771395247,3431,-0.014761317765078275,356.2803865671158,1.2825974887236953,2617,154.16
405504,-127.26386420927183,3445,-0.002399092398263747,132.17635267972946,1.237023170106113,2613,155.17
407552,-156.87076603864017,3462,-0.004627430960681522,201.8516092300415,1.3066452043130994,2611,156.04
409600,-149.31875123292423,3476,-0.01380336745569366,149.63873851299286,1.286688388325274,2610,156.88
411648,-148.39349890707325,3493,-0.007977185843628831,210.6016839146614,1.2944188602268696,2609,157.73
413696,-170.96769353633394,3510,-0.003778861806495115,177.11467295885086,1.296525053679943,2610,158.49
415744,-163.45403286799282,3526,-0.0051481393402355025,197.31249165534973,1.3091351771727204,2608,159.4
417792,-150.84030837414142,3541,0.001136435239459388,185.65337705612183,1.3046874580904841,2605,160.37
419840,-155.3572779866473,3557,-0.00355725552799413,140.47347885370255,1.3310530558228493,2604,161.2
421888,-152.09109841147526,3573,-0.00015735960005258676,158.42702853679657,1.3028527051210403,2602,162.09
423936,-158.6191803499888,3589,0.004354387681814842,251.99174177646637,1.3180809393525124,2600,163.03
425984,-130.1800188919742,3607,-0.0050341167152510025,103.67801940441132,1.3119181487709284,2601,163.76
428032,-97.77264711469624,3624,-0.0031943625344865723,210.6102003455162,1.267335002310574,2602,164.45
430080,-114.96013897338321,3633,-0.0018060564616462216,262.927522957325,1.321947772987187,2600,165.38
432128,-126.59383417020481,3649,-0.0013466740056173876,168.3667886853218,1.2688536811619997,2599,166.25
434176,-125.29676889180871,3664,-0.00519795189393335,230.11517572402954,1.2401490584015846,2597,167.14
436224,-212.59850708687304,3676,-0.00673781110526761,392.2212824821472,1.2560899564996362,2557,170.57
438272,-248.3408892571819,3689,-0.003454684370808536,228.80153185129166,1.2961309794336557,2543,172.32
440320,-147.10718627140264,3704,-0.00663848880049045,213.26466417312622,1.2423135014250875,2540,173.33
442368,-133.07109876987727,3720,-0.0021398451463028323,240.82537204027176,1.2368749342858791,2537,174.33
444416,-176.1503387801418,3732,-0.00744072701127152,178.45108944177628,1.2765764435753226,2479,179.22
446464,-154.92354982598923,3745,-0.0017129401658166898,327.806758582592,1.298664522357285,2458,181.63
448512,-110.45638737977103,3761,-0.003226857816116535,162.74782234430313,1.2331674676388502,2457,182.48
450560,-154.3529681131113,3775,-0.005897242212085985,93.62136006355286,1.3051373613998294,2453,183.63
452608,-143.01846546092884,3790,-0.007089109742082655,183.67912340164185,1.2774544348940253,2450,184.68
454656,-116.70124082646294,3806,-0.0029715580785705242,140.70599615573883,1.2940120669081807,2451,185.46
456704,-125.29264605438098,3822,-0.0019541122328519123,88.94136786460876,1.2684505973011255,2448,186.55
458752,-109.66046145074014,3837,-0.005958209458185593,169.16317927837372,1.2827979810535908,2444,187.65
460800,-105.59075173478796,3852,-0.0012146080407546833,156.5787770152092,1.2163626719266176,2445,188.43
462848,-94.75824304745304,3866,-0.003210808037692914,109.43273627758026,1.2044325340539217,2442,189.53
464896,-98.55057135842101,3881,-0.008143004291923717,89.79338228702545,1.1995408851653337,2438,190.68
466944,-136.7336648625763,3894,-0.003836394906102214,240.04056376218796,1.2607737239450216,2436,191.67
468992,-122.29780228142042,3908,-0.0028165576804894954,126.78593242168427,1.2095826920121908,2435,192.6
471040,-99.89742428084068,3921,-0.003614310873672366,124.55772095918655,1.2163223791867495,2433,193.57
473088,-91.86687390024021,3934,0.001402264413627563,120.56949549913406,1.2111694365739822,2430,194.66
475136,-78.22268342816098,3946,-0.0013877961628168123,169.8297061920166,1.2299111047759652,2427,195.71
477184,-82.81901196177671,3955,0.006228693895536708,330.3432897925377,1.2297336040064692,2426,196.66
479232,-99.09106321145666,3969,-0.0005558081611525267,103.60215005278587,1.2095596753060818,2425,197.62
481280,-141.0744944630631,3986,-0.0027088166498288047,185.41233950853348,1.249910986982286,2420,198.85
483328,-118.81427047607937,3997,-0.0037571501270576846,132.67361935973167,1.1581424120813608,2420,199.72
485376,-133.8793037328267,4009,-0.004832547976548085,120.33591762185097,1.260465863160789,2418,200.7
487424,-141.81528686606114,4019,-0.0005190303709241562,142.43367290496826,1.214187410660088,2413,201.99
489472,-118.05264132914617,4030,-0.003852287329209503,186.34347343444824,1.2113600187003613,2412,202.93
491520,-125.2451030667082,4043,-0.001229183664690936,125.35984241962433,1.227928820066154,2410,203.92
493568,-106.51311941160573,4057,-0.00506182164826896,117.01314401626587,1.2309965258464217,2407,205.03
495616,-119.87516937755159,4073,-0.013663995796378003,141.2855585217476,1.2657383605837822,2407,205.83
497664,-92.68580127989695,4088,-0.0024693338564247824,148.50929725170135,1.1995426137000322,2405,206.87
499712,-115.06439922345007,4102,-0.007801409366948064,144.49871265888214,1.1983320321887732,2403,207.92
500000,-108.77017899063637,4103,0.0003164003603160381,115.78217697143555,1.107237273454666,2402,208.11
