step,mean_reward
2048,-216.87676435787475
4096,-123.4188664180743
6144,-147.02457211530614
8192,-129.0292531096289
10240,-159.0600685273776
12288,-110.0441707266499
14336,-120.5418766472225
16384,-119.27436725611533
18432,-99.9924398306678
20480,-144.64824749689762
22528,-128.41238777306944
24576,-112.13150721474672
26624,-111.91165739507267
28672,-84.19639495960274
30720,-78.72440669453712
32768,-47.08358767604531
34816,-35.53589291786014
36864,-23.759274086579424
38912,-37.32877688951326
40960,-29.156208123544864
43008,-18.40273835268219
45056,-19.84116101857122
47104,-25.150538532557615
49152,-18.002867997654732
51200,-15.843640253443883
53248,-13.578868256145682
55296,-14.207544694408824
57344,-1.2910061889344875
59392,9.817739733469054
61440,0.2054607571551017
63488,-0.8471212304614589
65536,-1.7580735331344315
67584,6.346608072141347
69632,13.2456426112909
71680,12.562977920843
73728,17.300568295463247
75776,21.771618857765006
77824,43.61565040497849
79872,33.28790959305786
81920,35.41918762832649
83968,32.97634257704626
86016,35.106787770140436
88064,35.43326870505497
90112,31.193392648296697
92160,17.279123885844104
94208,14.926294898033802
96256,5.466911248839503
98304,14.533931456325814
100352,20.583761822426368
102400,16.21874538042941
104448,17.981472600222926
106496,21.44432191376332
108544,16.680774680543102
110592,32.063523204353714
112640,37.56860315391038
114688,57.84706328951954
116736,67.21926144480999
118784,61.97514677601746
120832,65.04165222615902
122880,67.14441942395463
124928,68.29823720409391
126976,73.05580845445914
129024,70.27817843433215
131072,76.23936554727646
133120,76.09203717515756
135168,52.58842555306205
137216,56.739401459243744
139264,48.458169485353245
141312,32.76062646950723
143360,32.410164059995545
145408,21.820687538433084
147456,14.066588165566845
149504,8.307124541111177
151552,19.358390690706532
153600,33.74922820657494
155648,25.65199740495072
157696,36.46703427533167
159744,42.10969880937712
161792,48.001243902933815
163840,47.75492074638656
165888,61.609071386729376
167936,72.11941187850037
169984,73.56902966168893
172032,72.44013963450041
174080,93.22561948563153
176128,96.44395898133534
178176,99.08248591816441
180224,103.49650042881619
182272,95.3224834722331
184320,95.7595862194804
186368,95.60064666697983
188416,84.46625162355687
190464,74.54766369424208
192512,82.4297764522674
194560,63.84908973029319
196608,60.57284963499143
198656,39.04898695169741
200704,48.22659535725271
202752,49.041931538886494
204800,60.02633359004572
206848,44.9357354313021
208896,53.99237528209401
210944,62.81293260835304
212992,72.0167920767527
215040,65.23542106656274
217088,70.80551187314872
219136,47.390388187770874
221184,50.78630536374468
223232,39.43711640204721
225280,42.474538148584195
227328,36.790886467245585
229376,35.68040802684103
231424,32.6294370897205
233472,46.70068583516358
235520,46.94240147586877
237568,25.67891615556934
239616,28.023887304408497
241664,49.4632950495352
243712,21.698979522839338
245760,24.79193288608053
247808,44.844680034963815
249856,28.011430648980074
251904,44.97350091272544
253952,45.836681687414085
256000,66.1257130576356
258048,73.08189494107644
260096,78.75131762391314
262144,78.49835800609416
264192,69.92987261250076
266240,77.3865857516267
268288,93.30831651991774
270336,78.11684125832495
272384,70.61617187097845
274432,65.49046487871507
276480,73.0264211039953
278528,72.5880342610041
280576,82.2181711906497
282624,102.54236672300264
284672,122.20124364093442
286720,92.3595202767364
288768,95.8153219909648
290816,72.0410281195266
292864,76.11364001209708
294912,86.67263608460217
296960,91.0479471970078
299008,93.10869024733589
301056,99.11918398618353
303104,81.4677394375504
305152,73.41312076345466
307200,84.19933855312294
309248,91.82024145584163
311296,97.0534930851895
313344,124.82663772464494
315392,106.50375235773052
317440,105.89256462137878
319488,91.73554428112621
321536,91.48706538667275
323584,79.09561301841181
325632,79.00234583172863
327680,78.98392830474157
329728,79.21373530896838
331776,88.09552282005873
333824,86.63286784351824
335872,90.31562044120533
337920,103.69400491282622
339968,108.27897411605474
342016,68.46275072968686
344064,41.59615608204011
346112,24.843638223308545
348160,34.13828808567255
350208,42.25150714268991
352256,55.72718270785019
354304,55.651028979512716
356352,86.79441129872387
358400,100.59142647362142
360448,85.56340263803293
362496,31.888453208880275
364544,38.32114982420744
366592,42.45644667357328
368640,84.82442729280281
370688,99.43860840369663
372736,75.00501544955071
374784,79.53371047717812
376832,88.5868700363091
378880,94.19849718797329
380928,78.18613606833644
382976,74.43845542420554
385024,55.57145688715134
387072,47.90545734146066
389120,45.93900530266124
391168,73.5577769658322
393216,55.46374099950482
395264,31.555734951917522
397312,13.822783671501455
399360,31.943664058258435
401408,40.83936642625348
403456,28.31029225509593
405504,45.89252046331616
407552,49.62856233660277
409600,70.82741836821964
411648,75.38647639815329
413696,51.025700818994125
415744,70.10468387167248
417792,55.785556941711334
419840,53.00356090021626
421888,71.16792145823175
423936,61.95648536482215
425984,93.8580445146745
428032,64.18560985002108
430080,43.3027453414714
432128,63.82254968793025
434176,63.149451384212185
436224,65.06142311342221
438272,92.07650771880057
440320,86.38100333826858
442368,106.70647116549011
444416,111.82454701353913
446464,102.00051346870984
448512,93.36575764223042
450560,68.26727632742939
452608,45.29562881495813
454656,50.8190709352747
456704,34.0878230047626
458752,34.34171948238499
460800,30.40727482764848
462848,31.22566918505138
464896,15.671504132732542
466944,34.04479178737532
468992,49.34633668535703
471040,94.37167680973553
473088,119.47622973390276
475136,97.67847668449254
477184,66.63307145844786
479232,60.014333663067916
481280,50.65786257008382
483328,83.2808546796592
485376,22.823912046505086
487424,22.621392379067448
489472,52.57941485085762
491520,62.351971096527464
493568,49.01996394111869
495616,49.03743556063386
497664,28.98495658783789
499712,-7.531750664245405
501760,9.606592709972858
503808,27.96083272189219
505856,54.225263430518524
507904,66.59486309723073
509952,62.668143983699146
512000,30.05290454330937
514048,26.47454858850076
516096,31.392715748702045
518144,34.13943305489361
520192,29.500071113762072
522240,56.36874072202969
524288,57.448321306228785
526336,55.27776348626097
528384,58.318904892890885
530432,47.18862047401878
532480,55.55114210547583
534528,49.11823967715348
536576,53.93817587904457
538624,57.51344469019229
540672,59.184158119951825
542720,70.06714129584859
544768,77.73588997329573
546816,47.61452178251689
548864,48.46440893357662
550912,24.168535470022025
552960,10.972829096766421
555008,34.60175951975118
557056,59.82893691270969
559104,73.429318815593
561152,65.42736605368412
563200,22.66743820663482
565248,41.566622734799935
567296,40.6375653453113
569344,42.456433406832005
571392,26.55054946931678
573440,47.72089090698019
575488,50.55116917395244
577536,30.35068388932233
579584,33.992802807324814
581632,34.63109484202766
583680,54.67821488963434
585728,109.01497160694794
587776,100.11717194154345
589824,66.43633736432359
591872,75.62587386058262
593920,43.58381916576971
595968,47.37894554491537
598016,30.45472298687718
600064,65.71307990371454
602112,51.89916803444263
604160,16.431651808873795
606208,-8.79121589385893
608256,14.335466908717024
610304,29.077957498703988
612352,39.94189959325965
614400,-7.155524009850206
616448,-16.65541198752489
618496,-1.4718245189081323
620544,35.344654405917545
622592,50.31863186801681
624640,12.270726780901024
626688,25.072413594781796
628736,-3.0670172431416516
630784,-17.35171466890802
632832,8.841270421585735
634880,32.70394394177375
636928,20.447172707192056
638976,23.85142419817815
641024,43.82698563375445
643072,70.84414713350043
645120,50.28265330080897
647168,48.853113051656294
649216,88.10598706370516
651264,91.85779741564961
653312,73.21631134674183
655360,97.91013325953277
657408,109.71466373736493
659456,112.0354120854445
661504,64.38498141357266
663552,62.07728326355774
665600,40.89868596708184
667648,79.83507908403269
669696,47.643639798306495
671744,34.25036197752823
673792,52.09747697094612
675840,43.265427037068164
677888,64.67837573755213
679936,46.82838936500204
681984,77.11097573015684
684032,64.02524875234572
686080,45.62196499924541
688128,84.6442623829675
690176,51.624371836173864
692224,58.987184300373016
694272,58.89290887834045
696320,69.28513703839855
698368,37.77191156895953
700416,64.03158798730149
702464,77.66617925214773
704512,115.4675564136918
706560,94.29398215580068
708608,57.547537016884704
710656,44.12522233324694
712704,43.02927906038881
714752,32.05963668843462
716800,17.692498113023298
718848,46.04796205022326
720896,73.70087291111456
722944,89.48538421708864
724992,103.75979203620884
727040,102.86517681231592
729088,67.35965157431049
731136,34.68190009145169
733184,41.085925316472704
735232,24.582645481846438
737280,42.93362136438306
739328,51.955061856789825
741376,58.32960870784275
743424,74.55466607358643
745472,94.23344395515618
747520,86.83386729577003
749568,71.90745257631617
751616,42.117506555346544
753664,59.90233759108958
755712,52.11596706220515
757760,74.85154025401742
759808,95.06825852632315
761856,79.74407547905895
763904,58.040615877891454
765952,58.135278387999946
768000,70.19142570363212
770048,97.83196454125273
772096,83.50969945991585
774144,115.97300073419083
776192,109.9042245930827
778240,106.0297670199798
780288,116.38040010922823
782336,123.39266328183353
784384,125.12516931073898
786432,76.4004487690245
788480,54.20731411144467
790528,21.37591747159615
792576,94.77099578570218
794624,103.99164445050613
796672,69.96878117246807
798720,61.54755171281484
800768,88.16775534675205
802816,105.68720783387262
804864,108.2501550298565
806912,95.83665543813146
808960,104.51995312741431
811008,82.52083115747857
813056,86.8974158107749
815104,57.34941821956384
817152,88.84150733970264
819200,86.26554039653487
821248,76.74872283060756
823296,86.40483014107737
825344,94.83457172055549
827392,68.70235740699295
829440,70.82194462418502
831488,49.03430327591876
833536,28.46218502429691
835584,56.06386891280656
837632,63.69698770117814
839680,88.69105249909231
841728,62.03298660273272
843776,50.35293014352232
845824,33.36892333604479
847872,57.32561068756481
849920,89.5185637710573
851968,129.752018774377
854016,170.43827614396292
856064,108.2594739428052
858112,98.28373263124175
860160,102.01994550171008
862208,94.77102429176
864256,110.97507744980987
866304,95.94884427667836
868352,101.32733226582785
870400,85.60751070800244
872448,46.461592915756796
874496,16.596387651279816
876544,27.786839187865258
878592,76.21720559810241
880640,131.7838802644929
882688,156.84035529558722
884736,139.32437685379412
886784,89.94336060656151
888832,66.17196306642752
890880,80.59224265476902
892928,86.35325812911394
894976,118.15525564043303
897024,129.80014966929613
899072,142.39482369574696
901120,136.6280453331621
903168,152.24964016819985
905216,125.93862113806856
907264,114.68280556663981
909312,133.0774215165238
911360,75.64953077500222
913408,70.59564857033868
915456,48.96708111905023
917504,55.643684242261884
919552,52.38522541869156
921600,67.47257628919961
923648,73.17168896235387
925696,96.34850986502617
927744,113.20020225468565
929792,128.9937970635578
931840,104.41345929360891
933888,94.42419306865627
935936,100.97526551877138
937984,94.4014929849237
940032,94.37102605929603
942080,86.23174366102887
944128,87.16111088310349
946176,113.56525401037315
948224,115.93768702634154
950272,90.34646855350924
952320,98.24557673481681
954368,127.33515195309413
956416,85.9562684939942
958464,88.4746016615168
960512,55.414553690491616
962560,59.44788744749146
964608,70.87211113352144
966656,70.4387545657063
968704,84.18330086877339
970752,86.53856301524027
972800,82.77074197877201
974848,85.52383117385074
976896,79.4152165963083
978944,89.34211651889203
980992,85.69254848699599
983040,80.81779838836042
985088,84.34078310287427
987136,92.16661286793698
989184,79.01642188840715
991232,69.42333624139673
993280,63.54491143098498
995328,62.620986278249084
997376,80.39216830102222
999424,46.957853329840546
