arm,budget_scale,seed,final_curve_mean20,points
A,0.05,0,229.7,12
A,0.05,1,228.7,12
A,0.05,2,179.05,12
A,0.05,3,261.0,12
A,0.05,4,295.2,12
A,0.1,0,365.1,24
A,0.1,1,217.25,24
A,0.1,2,363.05,24
A,0.1,3,342.9,24
A,0.1,4,199.15,24
A,0.1,5,378.1,24
A,0.1,6,259.6,24
A,0.1,7,364.75,24
A,0.1,8,376.65,24
A,0.1,9,405.95,24
A,0.1,10,257.25,24
A,0.1,11,409.8,24
A,0.1,12,414.5,24
A,0.1,13,264.8,24
A,0.1,14,230.45,24
B,0.05,0,173.15,12
B,0.05,1,219.5,12
B,0.05,2,289.8,12
B,0.05,3,225.3,12
B,0.05,4,231.7,12
B,0.1,0,265.8,24
B,0.1,1,279.6,24
B,0.1,2,286.15,24
B,0.1,3,255.4,24
B,0.1,4,256.45,24
B,0.1,5,389.15,24
B,0.1,6,283.95,24
B,0.1,7,368.9,24
B,0.1,8,348.8,24
B,0.1,9,320.8,24
B,0.1,10,344.1,24
B,0.1,11,246.1,24
B,0.1,12,252.25,24
B,0.1,13,266.15,24
B,0.1,14,378.4,24
