arm,seed,final_curve_mean20,points
A,0,54.00716182041906,195
A,1,0.4057382092002939,195
A,2,55.21080935098902,195
A,3,109.47495212997407,195
A,4,87.93804491235663,195
A,5,13.977472487732774,195
A,6,93.09841970458812,195
A,7,61.19448719629908,195
A,8,68.70211419012837,195
A,9,56.81660525600613,195
A,10,37.2690465267496,195
A,11,48.67222840100827,195
A,12,82.61358803497549,195
A,13,108.5602481523641,195
A,14,102.28135020430544,195
B,0,97.47930051674787,195
B,1,141.9699596855466,195
B,2,61.40541312222864,195
B,3,69.75544604800227,195
B,4,61.32104381771893,195
B,5,53.498475912655934,195
B,6,109.97187880716265,195
B,7,114.3143189999187,195
B,8,75.3017841843093,195
B,9,80.10682012544062,195
B,10,126.1868526104025,195
B,11,74.18556610330596,195
B,12,123.53433848959246,195
B,13,89.47603076274139,195
B,14,98.71398387254256,195
