arm,seed,eval_mean,eval_sd,episodes
A,0,62.874,118.614,200
A,1,42.828,128.151,200
A,2,33.724,127.769,200
A,3,120.429,107.989,200
A,4,72.104,123.203,200
A,5,33.206,126.169,200
A,6,132.303,105.18,200
A,7,63.562,125.273,200
A,8,108.593,118.884,200
A,9,117.427,110.197,200
A,10,58.323,128.465,200
A,11,62.748,122.613,200
A,12,119.203,113.536,200
A,13,108.5,117.004,200
A,14,43.128,132.517,200
B,0,115.951,105.033,200
B,1,-50.627,79.049,200
B,2,20.476,114.316,200
B,3,81.135,110.911,200
B,4,96.124,109.957,200
B,5,72.156,117.515,200
B,6,28.288,126.602,200
B,7,33.865,128.965,200
B,8,109.877,117.365,200
B,9,124.193,106.054,200
B,10,-31.924,84.694,200
B,11,44.832,104.994,200
B,12,66.735,112.418,200
B,13,-19.762,104.496,200
B,14,109.695,104.955,200
