step,mean_reward,policy_loss,value_loss
2048,-122.44255924224854,-0.002779328355245525,307.5328838080168
4096,-117.06188354492187,-0.0020497613550105598,736.0274441242218
6144,-119.22637710571288,-0.0004141762874496635,248.81984002888203
8192,-117.52570686340331,-0.0002281104534631595,264.99993938207626
10240,-116.15942878723145,-0.0010726696054916829,222.01514638960361
12288,-116.04459533691406,-0.0010013769642682746,313.77980902791023
14336,-119.82229728698731,0.0022705798328388482,123.6376384831965
16384,-119.6036548614502,-0.0035566230144468136,201.23243229091167
18432,-113.55722274780274,-0.005294381364365108,110.23065154254436
20480,-112.30291366577148,0.0044569502206286415,20.589896781137213
22528,-113.00271148681641,-0.0009307332011303515,60.64700821787119
24576,-110.65263519287109,-0.0031182349848677404,54.74883554596454
26624,-111.84211158752441,-0.005150702472747071,206.91531059145927
28672,-112.50368995666504,-0.002776366840407718,82.72326423227787
30720,-114.59301567077637,-0.003938731988455402,156.76280203461647
32768,-114.43771629333496,0.0008387229372601723,31.17248385353014
34816,-113.17322883605956,0.003748847564565949,1.189802887965925
36864,-113.6047420501709,-0.0005020219614380039,15.719719784217887
38912,-113.22433166503906,-0.002117610925779445,6.047355396091007
40960,-112.46594619750977,0.0011243553899475955,3.519537514541298
43008,-110.90382194519043,-0.0018343244191783015,17.288209464401007
45056,-110.55164413452148,0.002534603227104526,0.2582113805692643
47104,-109.47539520263672,-0.0033191589973284863,0.2443679160787724
49152,-108.39594306945801,-0.0036534551545628347,0.3633895730599761
51200,-106.31152839660645,-0.0023096847071428783,0.4163390712928958
53248,-104.9946388244629,-0.0033879492912092246,0.22490431019105017
55296,-103.31720314025878,-0.0033926544929272495,0.20400111941853538
57344,-102.06460723876953,-0.0026090163064509397,0.2291633207059931
59392,-99.19975204467774,-0.0071178513098857366,0.43060945643810555
61440,-96.97092514038086,-0.00038626723835477605,0.23589150683255866
63488,-95.46265907287598,-0.0024595043614681344,0.23930825846036896
65536,-93.34653129577637,-0.0032821187833178556,0.28263375256210566
67584,-90.92910766601562,-0.0040599460789962905,0.2344295922666788
69632,-89.18550643920898,-0.007854234416299732,0.2324126421008259
71680,-87.60127792358398,-0.008894915910786949,0.19537290232256055
73728,-83.98948173522949,-0.004783310050697764,0.3308262648060918
75776,-81.92383308410645,-0.0012394201294227969,27.50172567961272
77824,-80.31057891845703,-0.0066274439814151265,0.2941863244632259
79872,-76.44401416778564,9.149831748800352e-05,0.2642837943858467
81920,-75.78376655578613,-0.004150415596086532,18.87128407403361
83968,-74.32877178192139,-0.0007049825580907054,0.42411811579950154
86016,-72.78953609466552,-0.006381693641742459,0.18040869053220376
88064,-70.22934684753417,-0.0035033532440138515,0.3152718902565539
90112,-69.49729461669922,-0.007293574166396866,0.17599271720973775
92160,-68.00932159423829,-0.004925017485220451,0.6355472501600161
94208,-68.00076675415039,-0.005137574342370499,0.2295859902515076
96256,-64.68696765899658,-0.003197081488906406,0.2247446516994387
98304,-62.79528942108154,-0.005841134840011364,0.17090838553849608
100352,-61.10325260162354,-0.009089524697628804,0.2898895977414213
102400,-59.010915756225586,-0.005915775807807222,0.23346943611977622
104448,-56.56483974456787,-0.005998602297040634,0.2448022539028898
106496,-52.57157211303711,-0.00533612837898545,0.2649581078439951
108544,-50.61306409835815,-0.0029623344889841974,0.2393658763030544
110592,-49.2202446937561,-0.006706146647047717,0.32793837774079293
112640,-46.97239375114441,-0.00569984733738238,0.27423474786337465
114688,-41.46668064594269,-0.0067875243330490775,0.30289067537523806
116736,-34.333027839660645,-0.004687039803684456,0.3042155726579949
118784,-31.7936222076416,-0.001774060983734671,27.866720068268478
120832,-30.826816654205324,-0.001707063627691241,21.1337644320447
122880,-26.1428692817688,-0.004383216262795031,0.39677065261639655
124928,-19.147883129119872,-0.0006298289081314579,0.3040610506432131
126976,-14.967743968963623,-0.003993536814959953,0.32606496138032526
129024,-11.42336950302124,-0.006651669082202716,0.30303266644477844
131072,-7.355527782440186,-0.005941934545262484,0.3413689802400768
133120,-4.185685062408448,-0.004725655777292559,21.15581797482446
135168,-0.6586158752441407,-0.0013948880005045794,0.28634879423771054
137216,3.5169504165649412,-0.004467000930162612,0.270885523641482
139264,7.480352973937988,-0.0011202113091712818,0.3909748732112348
141312,7.43239917755127,-0.002004529618716333,15.842145985458046
143360,8.129891872406006,-0.0056438535611960106,0.7885546243051067
145408,8.461778163909912,-0.0024471381730108988,0.251061690505594
147456,16.23908739089966,-0.005015368911699625,0.3334357918356545
149504,26.44451332092285,-0.0019820058914774563,0.29590553289745003
151552,27.997512435913087,-0.0037336343120841775,0.42567973921541125
153600,29.592073726654053,-0.0017360578131047077,0.27527465764433146
155648,32.01124858856201,-0.005277957101498032,1.6480494744610041
157696,21.13640899658203,-0.0017390292159689125,27.779876506654546
159744,15.74046516418457,-0.0015393986195704201,68.6156499311328
161792,12.57727336883545,-0.005052808493928751,13.353439739905298
163840,13.850249481201171,-0.0050665146263781935,0.6417522826232016
165888,15.605199813842773,-0.00369548861272051,0.3262748741544783
167936,17.680467224121095,-0.005075149842014071,0.3735704480204731
169984,19.113451957702637,-0.0025353660239488818,53.79063511360437
172032,-17.54266490936279,-0.0028715382286463864,96.3276367560029
174080,-16.023653030395508,-0.0025501435120531823,0.3651265214430168
176128,-15.769536972045898,-0.002824270533892559,0.4665324059315026
178176,-8.109820365905762,-0.005777206504717469,20.390682556899264
180224,0.6386293411254883,-0.0009554039170325268,10.647907302249223
182272,1.9579999923706055,-0.004525033687968971,0.3325410862453282
184320,8.363853263854981,-0.005270321271382272,1.8050157439429313
186368,6.288901710510254,0.0006300264140008949,8.848836256191134
188416,-0.8075597763061524,-0.002895527326472802,12.771724935621023
190464,-5.785505294799805,-0.003682750277221203,14.219928321428597
192512,10.668707656860352,-0.005653317853102635,5.777500559575856
194560,21.06128921508789,-0.0028541313149617054,0.6835347719024867
196608,30.06836357116699,-0.0033133075303339865,0.39993310323916376
198656,42.401608276367185,-0.0010465956875123084,9.83239836152643
200704,27.211605072021484,-0.004460930647837813,22.350836550816894
202752,31.493081283569335,-0.005083376701804809,11.278300326317549
204800,32.745825576782224,-0.003499358682802267,11.812352085486054
206848,42.87398567199707,-0.003050927898584632,0.5361653644358739
208896,35.2673095703125,-0.003715960443514632,9.209225786849856
210944,41.82422027587891,-0.006151589215733111,0.4968309863470495
212992,28.67020149230957,-0.0031097250575840008,65.40413441322744
215040,30.814672470092773,-0.003524107265548082,2.6921617758926004
217088,4.029678726196289,-0.0011473987869976554,110.8932635653764
219136,11.899790954589843,-0.0027577299988479353,0.632924206322059
221184,20.59061622619629,-0.0019284227746538818,0.7060841377824545
223232,22.055273818969727,-0.005163741716387449,0.6616148662287742
225280,41.06367835998535,-0.00425952541991137,1.7141274565365165
227328,35.09295997619629,-0.0018604010001581628,10.234671249752864
229376,10.353368759155273,-0.004652295894629788,34.00541126728058
231424,13.18692398071289,-0.006599563627787575,11.016246151179075
233472,23.748955917358398,-0.00279928310555988,0.6593671799637377
235520,24.379829788208006,-0.0005881288125237916,3.2664541171398014
237568,25.254531478881837,-0.006670720271358732,0.5735816445667297
239616,51.82256546020508,-0.0011345641578373034,1.4694291583728045
241664,49.26709060668945,-0.003747376982573769,51.063863864168525
243712,51.34634208679199,0.0018504612235119566,0.6484878689516336
245760,31.888947677612304,-0.004855101782595739,55.97586371935904
247808,31.276124572753908,-0.0023664830514462665,48.42626657243818
249856,52.44913024902344,-0.004962991541106021,1.7823253348469734
251904,50.57111129760742,-0.0038228883204283193,68.45470296218991
253952,41.36354560852051,-0.006068133559892885,59.27473525330424
256000,23.562564849853516,-0.0032491206111444626,23.50265147164464
258048,10.621262359619141,0.0014323701689136215,46.823071523569524
260096,27.162459945678712,-0.0026368851777078817,1.331924804719165
262144,27.446157455444336,-0.0003085323915001936,0.8117975492496043
264192,38.532456970214845,-0.003106913856754545,41.47804636368528
266240,39.414912414550784,-0.002418739160930272,1.5889370497316122
268288,17.61216297149658,-0.0023336817175731994,66.71244537457824
270336,31.33700885772705,0.00021755699344794266,41.395895461086184
272384,31.74868106842041,0.0002893023229262326,2.091507942415774
274432,42.092505836486815,-0.008114374464639695,1.187192088458687
276480,65.31179294586181,-0.001898862481539254,1.339177685789764
278528,77.64955234527588,-0.0025534799387969542,1.0377374873496592
280576,66.17207431793213,-0.003928662612452172,49.23270092718303
282624,60.44533100128174,-0.004057142306919559,8.563511084299535
284672,45.41577625274658,-0.0024368739123019623,79.26732973195612
286720,44.9411714553833,-0.0037903943411947694,2.8816755013540387
288768,50.76913223266602,-0.002995841274241684,108.33731514774263
290816,65.0264663696289,0.00021206239762250334,1.901075892150402
292864,65.33349914550782,-0.0033362336980644614,1.0959012911189348
294912,52.879642486572266,-0.005068173573818058,38.47637223219499
296960,52.81365432739258,-0.004134580962272594,1.480025083757937
299008,52.821311950683594,-0.004106266802409664,2.0104556186124682
301056,66.85456466674805,-0.00046086374641163275,2.2055577447172254
303104,81.21834945678711,-0.002235629341157619,0.9662998996209353
305152,88.7656852722168,-0.0041699127323227,0.9388994863256812
307200,89.98194885253906,0.0008384933626075508,1.499392158119008
309248,94.04761123657227,-0.0018783964951580856,44.79470376856625
311296,86.78487758636474,-0.004633429613022599,75.97687887400389
313344,58.28016262054443,-0.0034601463103172136,91.60785894095898
315392,30.203087043762206,-0.0030737948945898097,85.76379461959004
317440,22.921081733703613,-0.004508518821239704,12.00155331287533
319488,18.001359748840333,-0.0073355224394617835,12.928655772469938
321536,17.033658027648926,0.002221387412646436,1.0698468188056722
323584,11.6964506149292,8.823865937301889e-05,30.866169532760978
325632,25.722468757629393,0.0005244970816420391,1.0508436397649348
327680,40.05366191864014,-9.60762299655471e-05,2.427018074784428
329728,54.38693141937256,-0.0020004044490633532,1.071351409656927
331776,66.71119537353516,-0.0008318244090332882,0.9627558790380135
333824,66.21548004150391,-0.002213950276200194,0.9566350809764117
335872,99.1612663269043,-0.002340136717975838,2.1702814055606723
337920,100.26010589599609,-0.003552002483047545,31.01937099127099
339968,113.95342903137207,-0.00249522563899518,51.71615660190582
342016,115.74992408752442,-0.002457255446643103,2.4138251608237624
344064,126.04948616027832,-0.0015586974150210153,1.2672336025862023
346112,118.29110641479492,-0.0006428030628740089,29.552653845399618
348160,120.36064834594727,-0.003200871324224863,1.3865393593441695
350208,128.76882362365723,-0.0009259713751816889,7.489668126683682
352256,130.57450370788575,-0.0017159529670607299,1.4438523531425744
354304,131.02430992126466,-0.00474366829439532,1.3102431260049343
356352,106.4748924255371,-0.00128836692601908,35.63262917846441
358400,76.38648014068603,-0.00692988187802257,31.62387017905712
360448,88.72107410430908,-0.006838893708845717,32.869119143113494
362496,68.72749729156494,-0.00416899841002305,55.99300732836127
364544,67.61753482818604,-0.006008257283610874,6.480112357996404
366592,84.14996929168701,-0.0031507597705058288,3.186857830733061
368640,80.26161556243896,-0.0014287825906649232,26.75395697634667
370688,80.84596462249756,0.001950485304405447,1.41561123682186
372736,69.14207706451415,-0.0037919713467999827,9.17340413108468
374784,69.30569858551026,-0.003349384176544845,22.735181897180155
376832,80.78721485137939,-0.004808022025827086,4.747902927920222
378880,94.54526691436767,-0.005826822234666906,2.3659978278446943
380928,86.61569366455078,-0.005775641438958701,46.194932982325554
382976,86.75142364501953,-0.0023687544035055907,1.8292555881198496
385024,104.10907173156738,-0.0017124747464549728,1.4185900057200342
387072,107.02129211425782,-0.004601487333275145,9.73474579770118
389120,79.77058258056641,-0.006332006603770424,40.06111616641283
391168,96.41649627685547,-0.005927048392550205,5.911115003749728
393216,94.12695693969727,-0.005533986077352893,5.156202003359795
395264,107.7409854888916,0.0013464896401274018,1.4080624766647816
397312,92.59058265686035,-0.0027649503099382855,43.53417256474495
399360,80.91265907287598,-0.00418602042918792,22.360389100387692
401408,89.52988471984864,-0.0013410262909019366,9.235462359618396
403456,70.37568626403808,-0.002546465304476442,35.68419370800257
405504,86.01162338256836,-0.004029283853014931,3.6911102272570133
407552,86.34802780151367,0.0026814630946319085,1.5446721934713423
409600,81.45410270690918,-0.0005119295892654918,43.57892304286361
411648,72.9440185546875,-0.0002755052391876234,12.030515579739586
413696,67.61502513885497,-0.003807751250860747,30.403413243591785
415744,29.56706829071045,-0.002267839307023678,85.03659780323505
417792,46.05751247406006,0.004883821555267787,1.4002882945351303
419840,26.06946544647217,-0.0036676075105788186,47.037013202905655
421888,9.125918006896972,-0.008362533088074997,20.813054909929633
423936,4.458735084533691,-0.004302753757656319,61.04450438916683
425984,1.7474145889282227,-0.0013563857291956083,15.414547430351377
428032,14.290409278869628,-0.004425422113854438,32.91145097091794
430080,-15.553947639465331,-0.002350429229409201,26.68807184509933
432128,0.025938987731933594,-0.00574911258991051,37.069738894701004
434176,-0.6599916458129883,-0.00361355545828701,7.699856632389128
436224,26.66882610321045,-9.766092080099043e-05,3.5557133038528264
438272,43.68203258514404,0.0018299104958714452,1.853481428232044
440320,44.187472343444824,0.007895483009633608,1.2502855574712157
442368,78.90139560699463,0.0022921239542483818,2.13022203464061
444416,94.09708271026611,0.0012844218235841254,1.1744250578340143
446464,89.43700408935547,-0.007626337406691164,39.55003750929609
448512,101.43794174194336,-0.0011518929240992293,25.704546102322638
450560,118.65093803405762,-0.0020856198752881028,1.9087814462836832
452608,127.94914970397949,-0.0006004716196912341,2.298978811595589
454656,145.2783145904541,0.006160253053167253,1.3544616401195526
456704,114.97934551239014,0.0006031452358001843,59.182621851563454
458752,115.38696041107178,-0.0029495925627998076,12.106885116547346
460800,78.36981296539307,-0.0037687079529860057,21.121631314978004
462848,61.308918190002444,-0.005040362138970522,35.602082195691764
464896,68.68514194488526,-0.0003899322146025952,16.338837038259953
466944,64.72343807220459,-0.0025516525129205547,28.51031658425927
468992,19.467816734313963,-0.0015099481315701269,84.76811808720231
471040,7.698729705810547,-0.006878478303406155,45.3882741779089
473088,-7.523136138916016,-0.002782456580462167,44.229321144521236
475136,9.73953628540039,-0.0006072914184187539,2.0054417327046394
477184,26.826856994628905,-0.0035414013673289446,2.6025193175300956
479232,31.840550231933594,-0.002835628438333515,17.78208069782704
481280,27.172003936767577,-0.0006025333350407891,57.82875521481037
483328,44.011863708496094,-0.0005197142545512179,5.368713377043605
485376,54.711812591552736,-0.000278936737231561,33.936632700264454
487424,69.31940784454346,-0.0043662721873261034,28.96301189251244
489472,72.66304759979248,-0.0012215945680509321,16.783088378608227
491520,90.7762529373169,0.004237946850480512,21.95356151415035
493568,90.87650470733642,0.003164239475154318,1.717549385735765
495616,92.60816173553467,0.0001602840202394873,16.67031898209825
497664,88.13105869293213,-0.0005297242787491996,16.139528290834278
499712,109.07862873077393,-0.003122786636595265,8.953607275150716
501760,91.06360187530518,-0.004434512802617974,9.693086606450379
503808,78.17727642059326,-0.004911732772598043,23.351989589631557
505856,87.27543087005616,-0.0022012539993738756,11.727581986226141
507904,104.87090682983398,0.0024223516520578414,2.719305375823751
509952,105.12826843261719,3.84687700716313e-05,7.8318962305784225
512000,88.34023628234863,-0.005908167328016134,26.764595156535506
514048,88.69314537048339,0.006023882797308033,1.403684712247923
516096,105.96409912109375,0.0008745642444409896,2.3317487253807485
518144,105.95342559814453,0.001330409933871124,1.4101593492086977
520192,107.1402660369873,-6.389760528691113e-06,13.138017722405493
522240,119.7658535003662,-0.004836616506509017,2.666512215975672
524288,137.92379875183104,0.0009212198283421458,1.5661536587867886
526336,151.32356491088868,0.000237314776313724,2.5760442696046084
528384,140.2821029663086,0.004406301268318202,20.867554673925042
530432,153.68179168701172,-0.0003242961574869696,1.5647651120088995
532480,154.07528991699218,0.000730779403966153,2.823131916113198
534528,164.99117126464844,-0.004508266038101283,1.6274776440113783
536576,182.7415626525879,-0.0036942594779247884,2.680829167133197
538624,183.88434562683105,-0.002120062861649785,9.76799333235249
540672,171.02520828247071,-0.002305508740391815,12.095479368697852
542720,171.60671463012696,0.003033902270544786,1.4873042462859303
544768,157.6934642791748,-0.003184969365975121,27.248397633433342
546816,157.88599891662597,-0.002755174235062441,4.791730409720913
548864,158.42544441223146,-0.001276024675462395,2.611874134046957
550912,153.2023681640625,-0.0030365329184860457,12.163897753693163
552960,133.7839725494385,-0.0028290099780861055,34.5344188157469
555008,133.81757698059081,-0.002995505612489069,4.526635201647878
557056,108.34650459289551,-0.003403954873647308,40.37798688933253
559104,109.451664352417,-0.0003390974634385202,3.1627808194607496
561152,122.89105224609375,-0.0017217150507349288,2.3596575057599694
563200,126.08915214538574,-0.0005417233624029905,19.97521581314504
565248,66.46240921020508,-0.0020730222640850116,69.71030860766768
567296,71.75426635742187,-0.003076156755014381,22.548097078688443
569344,84.08858489990234,-0.00018233334049000405,12.328387694898993
571392,77.63558006286621,-0.0015633971597708296,37.602718328125775
573440,91.12472152709961,-0.004210463392155361,32.45525389537215
575488,55.679547500610354,-0.00028981200739508495,36.49138095602393
577536,71.47331809997559,-0.0018319738746868097,6.024573339615017
579584,77.25288429260254,0.0016779770085122436,1.507465114351362
581632,108.54228935241699,-0.003779098595259711,4.371187929064035
583680,131.25152320861815,-0.004447590981726535,7.820449320599437
585728,130.8143482208252,0.0013135757435520645,4.535255546914414
587776,124.58609008789062,-0.0010505358732189052,19.494852383621037
589824,124.90376205444336,0.001997948478674516,1.5973568130284548
591872,121.84003601074218,0.002550824370700866,32.89071292709559
593920,109.63909950256348,-0.004085155054781353,21.464360589161515
595968,134.15268020629884,-0.0039761293555784505,12.643553273752332
598016,116.0791000366211,-0.0010833160868060077,10.367147556971759
600064,116.28001251220704,0.0011730897567758802,2.9540367294102907
602112,115.98041381835938,-0.0006858591586933471,1.7192729485686868
604160,127.89961280822754,-0.002570118049334269,2.682845242554322
606208,127.60390434265136,-0.001073023257049499,1.6023073762189597
608256,127.56249885559082,-0.004504690943576861,9.058592173270881
610304,121.63249320983887,-0.004108087989152409,9.690199913457036
612352,107.01822357177734,-0.0030878118705004454,39.19368582312018
614400,104.27562255859375,-0.005711388417694252,32.41111005563289
616448,108.35927352905273,-0.004859860295255203,17.943145073018968
618496,125.4940315246582,-0.0017587073052709457,2.729202408809215
620544,125.64289627075195,0.00014205993647919968,1.772998592350632
622592,107.6956958770752,-0.0008600274522905238,24.054917517583817
624640,72.2050048828125,-0.004000878641818417,31.77869109995663
626688,78.77193298339844,-0.0059172231012780685,3.18233778513968
628736,78.78602600097656,-0.0017881244311865885,1.6006581576075405
630784,100.50452728271485,-0.002819131757860305,24.77894485462457
632832,73.40598945617675,-0.0026838059493456967,30.179711118340492
634880,37.117807388305664,-0.004728485211671796,43.1374297849834
636928,37.307057571411136,-0.004758288278026157,16.465857340954244
638976,43.60230712890625,-0.00034423189117660513,17.35227564210072
641024,61.70990333557129,-0.00198740733685554,3.8162474944256246
643072,61.60358924865723,-0.0008133290539262816,1.6156042861985043
645120,61.6643928527832,-0.002497428245987976,13.839328713715076
647168,57.07681083679199,0.0038304081281239633,14.408993880962953
649216,63.78732414245606,0.00012390339543344453,56.98743453621864
651264,71.72686347961425,0.0008139558012771886,4.256229907274246
653312,63.125915145874025,-0.0024581674924775143,41.560351407155395
655360,9.294801330566406,-0.003371175509528257,21.633709084242582
657408,-2.7025920867919924,-0.0019052624993491918,31.217706229537725
659456,15.74311866760254,-0.0019138296047458425,4.583321758080274
661504,31.067620086669923,0.0013491944264387712,1.8111402136273682
663552,66.67873992919922,0.0014005884004291147,2.9798529180698097
665600,84.55265083312989,-0.002135594462743029,1.7795819528400898
667648,95.09149475097657,-0.0014377432598848827,16.109771949239075
669696,88.2309513092041,-0.002584529374871636,21.11640839232132
671744,118.75122375488282,0.0011086328413512092,3.2671817529480904
673792,112.69206466674805,0.0004513926287472714,14.365600377088413
675840,143.05979347229004,-0.001163691562396707,17.04616866633296
677888,132.51724491119384,-0.005856439807757852,52.09123889170587
679936,149.89495334625244,-0.004129629331146134,17.259626801125705
681984,148.8191816329956,-0.0006001829096931033,14.722160587087274
684032,133.8217149734497,-0.0017805446877900977,19.985591802746058
686080,133.64508380889893,0.0012353860183793586,1.8253464652225375
688128,123.90392627716065,0.0013062636880931677,12.17579066567123
690176,120.2953893661499,-0.0022957879409659654,10.858605376910418
692224,120.02333507537841,0.0018941900143545354,1.5462452585343271
694272,123.04986629486083,-0.0014916359978087712,16.775998587254435
696320,115.71632804870606,-0.0018480688941053813,18.810101395938545
698368,110.80371475219727,-0.0029455131298163906,10.36888741562143
700416,120.17085647583008,-0.0029497850646293955,9.738504099659622
702464,121.00646133422852,0.00015293422075046692,3.398228264413774
704512,136.11233100891113,-0.0004092199233127758,10.098319040378556
706560,113.86488304138183,-0.005059044142399216,34.154157345648855
708608,113.45028266906738,0.0021370377671701135,1.8139538317918777
710656,113.694921875,-0.0034369683053228073,11.57695724721998
712704,123.07999954223632,0.0035150542062183376,3.4527158548589796
714752,123.20172653198242,-0.002981573939905502,2.0015961062163115
716800,158.0450252532959,-0.00021444735830300488,3.9701717444695532
718848,165.57940559387208,-0.0015654433009331115,11.10701971501112
720896,144.3695846557617,-0.0008680187274876516,21.828596096485853
722944,137.45616989135743,-0.002464141984091839,13.101327447686344
724992,137.56176681518554,-0.00023479093215428293,8.713604371994734
727040,160.07188606262207,-0.0033164613450935576,17.87589169945568
729088,165.71823844909667,-0.0030902418311598012,76.03428988903761
731136,163.4038158416748,-0.0016125637307595753,24.268977714702487
733184,149.93400955200195,-0.003877287392242579,22.02986151399091
735232,138.51995239257812,-0.002280550745126675,14.488424634560943
737280,128.0876136779785,-0.0016561360434934613,13.840646049939096
739328,137.79324073791503,0.0006047444003343116,9.165287713520229
741376,137.89824333190919,6.211565778357908e-05,1.92384514817968
743424,159.1020778656006,-0.0007081395324348705,3.3208588974084705
745472,153.8023937225342,-0.000652655195153784,18.55070584267378
747520,165.29968948364257,-0.005593466758000432,14.432773910928518
749568,152.0328582763672,-0.002417349271127023,18.07401827070862
751616,160.24286041259765,-0.002141330827726051,3.1342354046646506
753664,163.81624488830568,-0.0019937303513870575,17.33909075660631
755712,178.07055130004883,0.0012636982428375632,2.136477969586849
757760,171.31831703186035,-0.0018081714006257243,12.852867793291807
759808,171.48867225646973,-0.004161808225035202,41.24249177612364
761856,171.5804515838623,-0.00323101639514789,2.451994510833174
763904,156.60973873138428,-0.004456976808796753,15.23432557657361
765952,156.14731121063232,-0.001746124873534427,2.482161246240139
768000,160.82776088714598,-0.0028563189080159646,3.5207360847853124
770048,160.63785915374757,0.0007999174667929765,1.985181509051472
772096,160.4619348526001,-0.002569191578004393,23.60647463519126
774144,168.61467838287354,-0.0047627759086026344,3.0477665117941797
776192,159.07315158843994,-0.0024420170120720286,14.929003512253985
778240,158.97704944610595,0.0015041698898130562,1.8580845950637013
780288,157.94925899505614,-0.002458698018017458,41.33136732503772
782336,143.33988018035888,-0.006314519525403739,28.54253444261849
784384,142.41022548675537,-0.0016234885733865667,22.95337713137269
786432,126.0566427230835,-0.0020990625343983993,23.90579652786255
788480,115.77355785369873,0.00023696385687799193,19.437923283781856
790528,129.73286457061766,-0.0033621416423557093,1.8043998954817653
792576,120.42773532867432,-0.002045411003564368,46.37403639405966
794624,119.95954685211181,-0.0026961740586557426,4.5096047152765095
796672,119.97614650726318,-0.0031388859497383237,16.291486125905067
798720,125.1782907485962,-0.006220765673788264,17.620650882367045
800768,121.87771511077881,-0.0018413779434922617,10.881913561373949
802816,140.07388134002684,-0.001026724441544502,3.4339359106961638
804864,137.1232597351074,-0.007221442512673093,10.595856928965077
806912,148.12109451293946,0.0012661532455240376,20.21259761042893
808960,130.58849029541017,-0.002494942098564934,30.090211513452232
811008,149.63813858032228,-0.0010236032503598835,3.385129134869203
813056,149.66637802124023,-0.0015652830370527226,1.4994490188546479
815104,150.09783248901368,-0.003583666773920413,5.62741444632411
817152,147.82340621948242,0.0002737294307735283,34.522137297317386
819200,115.4437271118164,-0.0023114659779821523,40.348987735807896
821248,103.6460563659668,0.0013593744042736944,20.06860492937267
823296,121.68838996887207,0.0023089682263162103,9.576647879555821
825344,128.13533973693848,0.0010538856131461216,3.429558995878324
827392,128.09788551330567,-0.0018351444305153564,1.839664448518306
829440,156.4373920440674,-3.2351093977922574e-05,3.095111633883789
831488,155.54180717468262,-0.003185024565027561,3.6866437778808177
833536,155.39024085998534,-0.007153472393838456,2.2670826646499336
835584,148.24748344421386,-0.00179056016895629,20.45349644497037
837632,147.54197044372557,-0.0012698406462732237,3.471179433632642
839680,169.82074584960938,-0.0007628359599038959,31.092493911273777
841728,170.181160736084,-0.000793153982158401,6.534234042046592
843776,182.86255340576173,-0.0015023492815089412,14.759038519114256
845824,174.79327774047852,-0.003736878166819224,18.083101355005056
847872,138.84382591247558,-0.00272993332328042,30.793596010655165
849920,138.87067985534668,-0.0013172612161724828,3.619948056526482
851968,139.1930881500244,0.00011737610839190893,2.0261506198439747
854016,146.80723609924317,-0.0010755656585388351,3.1663657824974507
856064,139.44835395812987,-0.001396452273183968,19.039441778790206
858112,142.20810146331786,-0.004389260120660765,19.093896777369082
860160,159.8404088973999,0.001955746412932058,1.9189300897996873
862208,140.50296993255614,-0.0010684667649911717,16.532897107303143
864256,148.43792247772217,-0.0005892958142794669,10.014879328664392
866304,132.0267602920532,-0.004914586959785083,6.761483206413686
868352,149.82619953155518,-0.006710595724143786,14.905438099056482
870400,150.16644687652587,-0.00197655166448385,2.124059903435409
872448,89.06652393341065,-0.004224737927870592,73.08604101836681
874496,55.229757118225095,-0.004263980914402055,40.49090253189206
876544,64.74834156036377,-0.002460595111188013,17.901122474111617
878592,66.87200756072998,-0.0030106551021162886,24.628962631337345
880640,62.10999431610107,-0.0025947278627427295,47.772841254249215
882688,47.706823921203615,-0.00042032696001115255,24.49057298526168
884736,36.85256385803223,-0.0016046976579673355,48.87901134043932
886784,61.997269821166995,-0.0032268951581500005,20.70375361898914
888832,97.18819885253906,0.0021216518980509136,5.38285280065611
890880,97.77328338623047,-0.0035321782233950216,14.122191886650398
892928,132.5505043029785,0.004361939119917224,3.7963057910092175
894976,124.07237319946289,0.0002858098814613186,11.82615314796567
897024,129.00648765563966,-0.00011947679922741372,16.70136918546632
899072,121.6121036529541,-0.002983681077239453,30.670298397541046
901120,134.63437271118164,-0.0006893905010656454,14.386893744580448
903168,141.75234603881836,-0.002710966542508686,3.074752069078386
905216,158.82855682373048,-0.0039756780679454096,4.62040754687041
907264,158.63023529052734,-0.003916057021342567,4.459245845209807
909312,159.68577499389647,-0.0035981953333248384,23.726056502200663
911360,142.2522663116455,-0.001807283602829557,27.26712937024422
913408,132.84522743225097,-0.0028143288582214154,12.857784559484571
915456,149.72617683410644,-0.0016276177957479376,18.150763399899006
917504,137.5088924407959,-0.0032537621227675118,14.840890673920512
919552,149.96615562438964,0.00395520452184428,3.1551657882519066
921600,150.54017066955566,-0.00096284840037697,22.62047843867913
923648,124.8117847442627,-0.0006765641592210159,27.16114749852568
925696,125.11157035827637,-0.0004972148781234864,2.7988848853856325
927744,134.4030788421631,0.001816030528061674,3.3646488273516297
929792,141.8964771270752,0.0020682790891441982,17.351631502155215
931840,159.32872772216797,-0.0023623653505637776,3.836126045556739
933888,159.26284942626953,-0.004007134797575418,1.9468333100667223
935936,169.02182312011718,-0.002496272179996595,3.3291865387000144
937984,167.6154472351074,-0.0020946220902260393,25.511650655418634
940032,149.66328506469728,-0.002212875802797498,20.436046968214214
942080,158.89841117858887,-0.0004510809885687195,16.262897805310786
944128,152.4073610305786,-0.004047341353725642,34.826438810676336
946176,108.77967700958251,-0.003425846494792495,27.33262701984495
948224,109.0835313796997,0.0018166817444580374,2.3104122749064118
950272,104.04362125396729,-0.0001621037099539535,16.487148092128336
952320,103.45714817047119,-0.004189453524304554,3.9674623226746917
954368,98.69613208770753,-0.005964509882687707,31.08854435198009
956416,96.11200428009033,-0.006058435443264898,27.279524781741202
958464,78.54733257293701,-0.003068397938477574,42.424058333039284
960512,78.65112209320068,-0.0028228536612004973,4.2549786092713475
962560,95.70511837005616,0.003146713770547649,2.9541322451550514
964608,120.18817348480225,-0.0025103985717578325,14.905800384934992
966656,119.9793508529663,0.0001450789422960952,1.7392660533078015
968704,125.26380596160888,0.0002955536747322185,3.213270598789677
970752,103.27666645050049,-0.0014502772319247015,54.9030174985528
972800,103.98728122711182,0.0006428276265069144,15.380480395630002
974848,51.88124809265137,-0.0015670474458602257,70.07813742011786
976896,62.33676261901856,-0.002898584305512486,2.20195622718893
978944,9.701180267333985,-0.0016334412030118983,43.855165496468544
980992,27.211719131469728,0.0008779349254837143,1.862694184994325
983040,27.303958892822266,0.001329482260189252,19.451841581147164
985088,33.17707214355469,-0.003888086990627926,20.862909025512636
987136,46.39321937561035,-0.005437605097540654,14.454386544413865
989184,64.39684791564942,-0.0004233030058458098,1.648496060166508
991232,100.03920249938965,-0.003972733458795119,17.857051130849868
993280,108.43030815124511,-0.00697150318956119,16.57775086769834
995328,108.7651210784912,-0.0004681658319896087,2.7214150598738343
997376,128.18263969421386,-0.0030882612027198775,36.46962767094374
999424,88.76991024017335,-0.004190861454844708,57.47092101722956
1000000,74.32778987884521,-0.003973503674690922,62.31203121609158
